{"decision":0,"probability_default":0.23292142152786255,"decision_threshold":0.3780870735645294}